----
--Populate DB script
---
--# CLIENT TABLE
--------------
INSERT INTO CLIENT(ID, ADRESSES1, ADRESSES2, EMAIL, ETATPROVINCE, IDRECOMPENSE, NOMFAMILLE, PRENOM, VILLE, ZIPCODEPOSTAL) VALUES(1, '28 rue adr1.1', '27 rue adr1.2', 'client1@email.com', 'idf', 1, 'nomFamille1', 'prenom1', 'Paris', '75001');
INSERT INTO CLIENT(ID, ADRESSES1, ADRESSES2, EMAIL, ETATPROVINCE, IDRECOMPENSE, NOMFAMILLE, PRENOM, VILLE, ZIPCODEPOSTAL) VALUES(2, '20 rue adr2.1', '02 rue adr2.2', 'client2@email.com', 'Haute-Garonne', 2, 'nomFamille2', 'prenom2', 'Toulouse', '31400');
INSERT INTO CLIENT(ID, ADRESSES1, ADRESSES2, EMAIL, ETATPROVINCE, IDRECOMPENSE, NOMFAMILLE, PRENOM, VILLE, ZIPCODEPOSTAL) VALUES(3, '03 rue adr3.1', '87 rue adr3.2', 'client3@email.com', 'Gironde', 3, 'nomFamille3', 'prenom3', 'Bordeaux', '73019');
---------------
--# GENRE TABLE
INSERT INTO GENRE(ID, GENRE) VALUES (1, 'Autobiographie');
INSERT INTO GENRE(ID, GENRE) VALUES (2, 'La Guerre d Algérie');
INSERT INTO GENRE(ID, GENRE) VALUES (3, 'Roman');
INSERT INTO GENRE(ID, GENRE) VALUES (4, 'Développer des applications Web en java');
----------------
--# EDITEUR TABLE
INSERT INTO EDITEUR(ID, COURRIEL, NOM, SITEWEB, TELEPHONE) VALUES(1,'editeur1@mail.com', 'Editions de l Etoile', 'web site', '0033100010203');
INSERT INTO EDITEUR(ID, COURRIEL, NOM, SITEWEB, TELEPHONE) VALUES(2,'editeur2@mail.com', 'Fayard', 'www.fayard.fr', '0033145498200');
INSERT INTO EDITEUR(ID, COURRIEL, NOM, SITEWEB, TELEPHONE) VALUES(3,'editeur3@mail.com', 'Gallimard', 'www.gallimard.fr', '+33(0)149544200');
INSERT INTO EDITEUR(ID, COURRIEL, NOM, SITEWEB, TELEPHONE) VALUES(4,'editeur4@mail.com', 'Java Edition', 'java.com', '+33106666666');
------------------
--# TYPEMEDIA TABLE
INSERT INTO TYPEMEDIA(ID, MEDIA) VALUES (1, 'LIVRE');
INSERT INTO TYPEMEDIA(ID, MEDIA) VALUES (2, 'bein Sport');
INSERT INTO TYPEMEDIA(ID, MEDIA) VALUES (3, 'md');
INSERT INTO TYPEMEDIA(ID, MEDIA) VALUES (4, 'LI');
INSERT INTO TYPEMEDIA(ID, MEDIA) VALUES (5, 'LIV');
INSERT INTO TYPEMEDIA(ID, MEDIA) VALUES (6, 'LIVR');
INSERT INTO TYPEMEDIA(ID, MEDIA) VALUES (7, 'LT');
INSERT INTO TYPEMEDIA(ID, MEDIA) VALUES (8, 'NT');
INSERT INTO TYPEMEDIA(ID, MEDIA) VALUES (9, 'MO');
INSERT INTO TYPEMEDIA(ID, MEDIA) VALUES (10, 'REAL');
-----------------
--# AUTEUR TABLE
INSERT INTO AUTEUR(ID, NOMFAMILLE, PRENOM) VALUES (1, 'Courriere', 'Yves');
INSERT INTO AUTEUR(ID, NOMFAMILLE, PRENOM) VALUES (2, 'Boudiaf', 'Mohammed');
INSERT INTO AUTEUR(ID, NOMFAMILLE, PRENOM) VALUES (3, 'Afulay', 'Apulée');
INSERT INTO AUTEUR(ID, NOMFAMILLE, PRENOM) VALUES (4, 'Rodri', 'james');
------------------
--# COMMANDE TABLE
INSERT INTO COMMANDE(ID, DATECOMMANDE, DATELIVRAISON, LIVRERADRESSE1, LIVRERADRESSE2, LIVRERPROVINCE, LIVRERVILLE, LIVRERZIP, FK_CLIENT) VALUES(1, '05/01/2019', '25/01/2019', '28 rue adr1.1', '27 rue adr1.2', 'idf', 'Paris', '75001', 1);
INSERT INTO COMMANDE(ID, DATECOMMANDE, DATELIVRAISON, LIVRERADRESSE1, LIVRERADRESSE2, LIVRERPROVINCE, LIVRERVILLE, LIVRERZIP, FK_CLIENT) VALUES(2, '21/03/2018', '11/04/2018', '20 rue adr2.1', '02 rue adr2.2', 'Haute-Garonne', 'Toulouse', '31400', 2);
INSERT INTO COMMANDE(ID, DATECOMMANDE, DATELIVRAISON, LIVRERADRESSE1, LIVRERADRESSE2, LIVRERPROVINCE, LIVRERVILLE, LIVRERZIP, FK_CLIENT) VALUES(3, '24/06/2017', '05/07/2017', '03 rue adr3.1', '87 rue adr3.2', 'Gironde', 'Bordeaux', '33003', 3);
----------------------
--# LIVRE TABLE
INSERT INTO LIVRE(ID, DATEPUBLICATION, ISBN, PRIX, TITRE, FK_EDITEUR, FK_GENRE) VALUES(1, '1964', ' 9782402204231', '7.50', 'Ou va l Algérie', 1, 1);
INSERT INTO LIVRE(ID, DATEPUBLICATION, ISBN, PRIX, TITRE, FK_EDITEUR, FK_GENRE) VALUES(2, '1968', '978-2213611181', '14.20', 'Les fils de la toussaint', 2, 2);
INSERT INTO LIVRE(ID, DATEPUBLICATION, ISBN, PRIX, TITRE, FK_EDITEUR, FK_GENRE) VALUES(3, '1958', '978-2070366293', '7.40', 'L Ane d or - Les métamorphoses', 3, 3);
INSERT INTO LIVRE(ID, DATEPUBLICATION, ISBN, PRIX, TITRE, FK_EDITEUR, FK_GENRE) VALUES(4, '1969', '978-2501006705', '54.99', 'LE TEMPS DES LEOPARDS', 2, 2);
INSERT INTO LIVRE(ID, DATEPUBLICATION, ISBN, PRIX, TITRE, FK_EDITEUR, FK_GENRE) VALUES(5, '24/11/2022', '65890865', '35', 'java/Spring_boot', 2, 2);
----------------------
--# DETAILSCOMMANDE TABLE
INSERT INTO DETAILSCOMMANDE(COMMANDE_ID, LIVRE_ID, PRIXUNITAIRE, QUANTITE, MONTANTRABAIS, FK_TYPEMEDIA) VALUES (1, 1, '7.50', '1', '0.0', 1);
INSERT INTO DETAILSCOMMANDE(COMMANDE_ID, LIVRE_ID, PRIXUNITAIRE, QUANTITE, MONTANTRABAIS, FK_TYPEMEDIA) VALUES (2, 2, '14.20', '1', '0.0', 1);
INSERT INTO DETAILSCOMMANDE(COMMANDE_ID, LIVRE_ID, PRIXUNITAIRE, QUANTITE, MONTANTRABAIS, FK_TYPEMEDIA) VALUES (3, 3, '7.40', '1', '0.0', 1);
INSERT INTO DETAILSCOMMANDE(COMMANDE_ID, LIVRE_ID, PRIXUNITAIRE, QUANTITE, MONTANTRABAIS, FK_TYPEMEDIA) VALUES (3, 4, '54.99', '1', '0.0', 1);
-----------------------
--# LIVREAUTEUR TABLE
INSERT INTO LIVREAUTEUR(FK_LIVRE, FK_AUTEUR) VALUES (1, 2);
INSERT INTO LIVREAUTEUR(FK_LIVRE, FK_AUTEUR) VALUES (2, 1);
INSERT INTO LIVREAUTEUR(FK_LIVRE, FK_AUTEUR) VALUES (3, 3);
INSERT INTO LIVREAUTEUR(FK_LIVRE, FK_AUTEUR) VALUES (4, 1);
INSERT INTO LIVREAUTEUR(FK_LIVRE, FK_AUTEUR) VALUES (5, 4);
---------------------




